feature,importance
smoker_no,0.34960065222777653
smoker_yes,0.2703023868272851
bmi,0.20560073130255685
age,0.13123879708114317
children,0.019120732885735726
region_northeast,0.005201748322226222
region_northwest,0.0048715915454554445
region_southeast,0.0039698902117360785
sex_male,0.003409256856476908
sex_female,0.003408232154092555
region_southwest,0.0032759805855152617
