feature,importance
alcohol,0.2782302612488789
sulphates,0.13956910438032055
volatile acidity,0.11125300853344751
total sulfur dioxide,0.08254193727336498
chlorides,0.06496451446340268
pH,0.06116593836415424
residual sugar,0.05540578949879642
density,0.05526708171808818
citric acid,0.05270350919438847
fixed acidity,0.05147855306858797
free sulfur dioxide,0.047420302256570145
